<?xml version="1.0" encoding="UTF-8" standalone="yes"?>
<a:clrScheme xmlns:a="http://schemas.openxmlformats.org/drawingml/2006/main" name="">
<a:dk1><a:srgbClr val="000000"/>
</a:dk1><a:lt1><a:srgbClr val="ffffff"/>
</a:lt1><a:dk2><a:srgbClr val="e4d354"/>
</a:dk2><a:lt2><a:srgbClr val="2b908f "/>
</a:lt2><a:accent1><a:srgbClr val="7cb5ec "/>
</a:accent1><a:accent2><a:srgbClr val="434348 "/>
</a:accent2><a:accent3><a:srgbClr val="90ed7d "/>
</a:accent3><a:accent4><a:srgbClr val="f7a35c"/>
</a:accent4><a:accent5><a:srgbClr val="8085e9"/>
</a:accent5><a:accent6><a:srgbClr val="f15c80"/>
</a:accent6><a:hlink><a:srgbClr val="f45b5b "/>
</a:hlink><a:folHlink><a:srgbClr val="91e8e1"/>
</a:folHlink></a:clrScheme>


