<?xml version="1.0" encoding="UTF-8" standalone="yes"?>
<a:clrScheme xmlns:a="http://schemas.openxmlformats.org/drawingml/2006/main" name="">
<a:dk1><a:srgbClr val="000000"/>
</a:dk1><a:lt1><a:srgbClr val="ffffff"/>
</a:lt1><a:dk2><a:srgbClr val="FF9655 "/>
</a:dk2><a:lt2><a:srgbClr val="FFF263 "/>
</a:lt2><a:accent1><a:srgbClr val="058DC7 "/>
</a:accent1><a:accent2><a:srgbClr val="50B432 "/>
</a:accent2><a:accent3><a:srgbClr val="ED561B "/>
</a:accent3><a:accent4><a:srgbClr val="DDDF00 "/>
</a:accent4><a:accent5><a:srgbClr val="24CBE5 "/>
</a:accent5><a:accent6><a:srgbClr val="64E572 "/>
</a:accent6><a:hlink><a:srgbClr val="6AF9C4"/>
</a:hlink><a:folHlink><a:srgbClr val="7798B"/>
</a:folHlink></a:clrScheme>


