<?xml version="1.0" encoding="UTF-8" standalone="yes"?>
<a:clrScheme xmlns:a="http://schemas.openxmlformats.org/drawingml/2006/main" name="">
<a:dk1><a:srgbClr val="ffffff"/>
</a:dk1><a:lt1><a:srgbClr val="606060"/>
</a:lt1><a:dk2><a:srgbClr val="eeaaee"/>
</a:dk2><a:lt2><a:srgbClr val="55BF3B"/>
</a:lt2><a:accent1><a:srgbClr val="DDDF0D"/>
</a:accent1><a:accent2><a:srgbClr val="7798BF"/>
</a:accent2><a:accent3><a:srgbClr val="55BF3B"/>
</a:accent3><a:accent4><a:srgbClr val="DF5353"/>
</a:accent4><a:accent5><a:srgbClr val="aaeeee"/>
</a:accent5><a:accent6><a:srgbClr val="ff0066"/>
</a:accent6><a:hlink><a:srgbClr val="DF5353"/>
</a:hlink><a:folHlink><a:srgbClr val="7798B"/>
</a:folHlink></a:clrScheme>


