<?xml version="1.0" encoding="UTF-8" standalone="yes"?>
<a:clrScheme xmlns:a="http://schemas.openxmlformats.org/drawingml/2006/main" name="">
<a:dk1><a:srgbClr val="333333"/>
</a:dk1><a:lt1><a:srgbClr val="ffffff"/>
</a:lt1><a:dk2><a:srgbClr val="cda819"/>
</a:dk2><a:lt2><a:srgbClr val="32a487"/>
</a:lt2><a:accent1><a:srgbClr val="c12e34"/>
</a:accent1><a:accent2><a:srgbClr val="e6b600"/>
</a:accent2><a:accent3><a:srgbClr val="0098d9"/>
</a:accent3><a:accent4><a:srgbClr val="2b821d"/>
</a:accent4><a:accent5><a:srgbClr val="005eaa"/>
</a:accent5><a:accent6><a:srgbClr val="339ca8"/>
</a:accent6><a:hlink><a:srgbClr val="0000ff"/>
</a:hlink><a:folHlink><a:srgbClr val="6400ff"/>
</a:folHlink></a:clrScheme>


