<?xml version="1.0" encoding="UTF-8" standalone="yes"?>
<a:clrScheme xmlns:a="http://schemas.openxmlformats.org/drawingml/2006/main" name="E-Dark">
<a:dk1><a:srgbClr val="eeeeee"/>
</a:dk1><a:lt1><a:srgbClr val="333333"/>
</a:lt1><a:dk2><a:srgbClr val="73a373"/>
</a:dk2><a:lt2><a:srgbClr val="73b9bc"/>
</a:lt2><a:accent1><a:srgbClr val="dd6b66"/>
</a:accent1><a:accent2><a:srgbClr val="759aa0"/>
</a:accent2><a:accent3><a:srgbClr val="e69d87"/>
</a:accent3><a:accent4><a:srgbClr val="8dc1a9"/>
</a:accent4><a:accent5><a:srgbClr val="ea7e53"/>
</a:accent5><a:accent6><a:srgbClr val="eedd78"/>
</a:accent6><a:hlink><a:srgbClr val="d2f5a6"/>
</a:hlink><a:folHlink><a:srgbClr val="76f2f2"/>
</a:folHlink></a:clrScheme>