<?xml version="1.0" encoding="UTF-8" standalone="yes"?>
<a:clrScheme xmlns:a="http://schemas.openxmlformats.org/drawingml/2006/main" name="E-Essos">
<a:dk1><a:srgbClr val="893448"/>
</a:dk1><a:lt1><a:srgbClr val="ffffff"/>
</a:lt1><a:dk2><a:srgbClr val="73a373"/>
</a:dk2><a:lt2><a:srgbClr val="73b9bc"/>
</a:lt2><a:accent1><a:srgbClr val="893448"/>
</a:accent1><a:accent2><a:srgbClr val="d95850"/>
</a:accent2><a:accent3><a:srgbClr val="eb8146"/>
</a:accent3><a:accent4><a:srgbClr val="ffb248"/>
</a:accent4><a:accent5><a:srgbClr val="f2d643"/>
</a:accent5><a:accent6><a:srgbClr val="ebdba4"/>
</a:accent6><a:hlink><a:srgbClr val="0000ff"/>
</a:hlink><a:folHlink><a:srgbClr val="76f2f2"/>
</a:folHlink></a:clrScheme>