<?xml version="1.0" encoding="UTF-8" standalone="yes"?>
<a:clrScheme xmlns:a="http://schemas.openxmlformats.org/drawingml/2006/main" name="E-Vintage">
<a:dk1><a:srgbClr val="666666"/>
</a:dk1><a:lt1><a:srgbClr val="ffffff"/>
</a:lt1><a:dk2><a:srgbClr val="787464"/>
</a:dk2><a:lt2><a:srgbClr val="cc7e63"/>
</a:lt2><a:accent1><a:srgbClr val="3fb1e3"/>
</a:accent1><a:accent2><a:srgbClr val="6be6c1"/>
</a:accent2><a:accent3><a:srgbClr val="626c91"/>
</a:accent3><a:accent4><a:srgbClr val="a0a7e6"/>
</a:accent4><a:accent5><a:srgbClr val="c4ebad"/>
</a:accent5><a:accent6><a:srgbClr val="96dee8"/>
</a:accent6><a:hlink><a:srgbClr val="0000ff"/>
</a:hlink><a:folHlink><a:srgbClr val="6400ff"/>
</a:folHlink></a:clrScheme>