<?xml version="1.0" encoding="UTF-8" standalone="yes"?>
<a:clrScheme xmlns:a="http://schemas.openxmlformats.org/drawingml/2006/main" name="E-Vintage">
<a:dk1><a:srgbClr val="666666"/>
</a:dk1><a:lt1><a:srgbClr val="ffffff"/>
</a:lt1><a:dk2><a:srgbClr val="f3d999"/>
</a:dk2><a:lt2><a:srgbClr val="d3758f"/>
</a:lt2><a:accent1><a:srgbClr val="4ea397"/>
</a:accent1><a:accent2><a:srgbClr val="22c3aa"/>
</a:accent2><a:accent3><a:srgbClr val="7bd9a5"/>
</a:accent3><a:accent4><a:srgbClr val="d0648a"/>
</a:accent4><a:accent5><a:srgbClr val="f58db2"/>
</a:accent5><a:accent6><a:srgbClr val="f2b3c9"/>
</a:accent6><a:hlink><a:srgbClr val="0000ff"/>
</a:hlink><a:folHlink><a:srgbClr val="6400ff"/>
</a:folHlink></a:clrScheme>