<?xml version="1.0" encoding="UTF-8" standalone="yes"?>
<a:clrScheme xmlns:a="http://schemas.openxmlformats.org/drawingml/2006/main" name="">
<a:dk1><a:srgbClr val="000000"/>
</a:dk1><a:lt1><a:srgbClr val="ffffff"/>
</a:lt1><a:dk2><a:srgbClr val="C6E579"/>
</a:dk2><a:lt2><a:srgbClr val="26C0C0"/>
</a:lt2><a:accent1><a:srgbClr val="FE8463"/>
</a:accent1><a:accent2><a:srgbClr val="9BCA63"/>
</a:accent2><a:accent3><a:srgbClr val="FAD860"/>
</a:accent3><a:accent4><a:srgbClr val="60C0DD"/>
</a:accent4><a:accent5><a:srgbClr val="0084C6"/>
</a:accent5><a:accent6><a:srgbClr val="D7504B"/>
</a:accent6><a:hlink><a:srgbClr val="F0805A"/>
</a:hlink><a:folHlink><a:srgbClr val="F4E001"/>
</a:folHlink></a:clrScheme>


