<?xml version="1.0" encoding="UTF-8" standalone="yes"?>
<a:clrScheme xmlns:a="http://schemas.openxmlformats.org/drawingml/2006/main" name="R ggplot2 Set1"><a:dk1><a:srgbClr val="000000"/></a:dk1><a:lt1><a:srgbClr val="FFFFFF"/></a:lt1><a:dk2><a:srgbClr val="4E8DB9"/></a:dk2><a:lt2><a:srgbClr val="E5E5E5"/></a:lt2><a:accent1><a:srgbClr val="E41A1C"/></a:accent1><a:accent2><a:srgbClr val="377EB8"/></a:accent2><a:accent3><a:srgbClr val="4DAF4A"/></a:accent3><a:accent4><a:srgbClr val="984EA3"/></a:accent4><a:accent5><a:srgbClr val="FF7F00"/></a:accent5><a:accent6><a:srgbClr val="FFFF33"/></a:accent6><a:hlink><a:srgbClr val="A65628"/></a:hlink><a:folHlink><a:srgbClr val="F781BF"/></a:folHlink></a:clrScheme>