<?xml version="1.0" encoding="UTF-8" standalone="yes"?>
<a:clrScheme xmlns:a="http://schemas.openxmlformats.org/drawingml/2006/main" name="R ggplot2 Set4"><a:dk1><a:srgbClr val="000000"/></a:dk1><a:lt1><a:srgbClr val="FFFFFF"/></a:lt1><a:dk2><a:srgbClr val="4E8DB9"/></a:dk2><a:lt2><a:srgbClr val="E5E5E5"/></a:lt2><a:accent1><a:srgbClr val="F35E5A"/></a:accent1><a:accent2><a:srgbClr val="A89005"/></a:accent2><a:accent3><a:srgbClr val="32AC03"/></a:accent3><a:accent4><a:srgbClr val="17B3B7"/></a:accent4><a:accent5><a:srgbClr val="149FF3"/></a:accent5><a:accent6><a:srgbClr val="FC44AE"/></a:accent6><a:hlink><a:srgbClr val="00BFC4"/></a:hlink><a:folHlink><a:srgbClr val="B3B3B3"/></a:folHlink></a:clrScheme>