<?xml version="1.0" encoding="UTF-8" standalone="yes"?>
<a:clrScheme xmlns:a="http://schemas.openxmlformats.org/drawingml/2006/main" name="Python seaborn default"><a:dk1><a:srgbClr val="000000"/></a:dk1><a:lt1><a:srgbClr val="FFFFFF"/></a:lt1><a:dk2><a:srgbClr val="4E8DB9"/></a:dk2><a:lt2><a:srgbClr val="EAEAF2"/></a:lt2><a:accent1><a:srgbClr val="4C72B0"/></a:accent1><a:accent2><a:srgbClr val="55A868"/></a:accent2><a:accent3><a:srgbClr val="C44E52"/></a:accent3><a:accent4><a:srgbClr val="8172B2"/></a:accent4><a:accent5><a:srgbClr val="CCB974"/></a:accent5><a:accent6><a:srgbClr val="64B5CD"/></a:accent6><a:hlink><a:srgbClr val="00BFC4"/></a:hlink><a:folHlink><a:srgbClr val="B3B3B3"/></a:folHlink></a:clrScheme>