<?xml version="1.0" encoding="UTF-8" standalone="yes"?>
<a:clrScheme xmlns:a="http://schemas.openxmlformats.org/drawingml/2006/main" name="Python seaborn hsul"><a:dk1><a:srgbClr val="000000"/></a:dk1><a:lt1><a:srgbClr val="FFFFFF"/></a:lt1><a:dk2><a:srgbClr val="4E8DB9"/></a:dk2><a:lt2><a:srgbClr val="EAEAF2"/></a:lt2><a:accent1><a:srgbClr val="F67088"/></a:accent1><a:accent2><a:srgbClr val="CE8F31"/></a:accent2><a:accent3><a:srgbClr val="38A7D0"/></a:accent3><a:accent4><a:srgbClr val="32B165"/></a:accent4><a:accent5><a:srgbClr val="A38CF4"/></a:accent5><a:accent6><a:srgbClr val="F461DD"/></a:accent6><a:hlink><a:srgbClr val="00BFC4"/></a:hlink><a:folHlink><a:srgbClr val="B3B3B3"/></a:folHlink></a:clrScheme>