<?xml version="1.0" encoding="UTF-8" standalone="yes"?>
<a:clrScheme xmlns:a="http://schemas.openxmlformats.org/drawingml/2006/main" name="Business Week 1"><a:dk1><a:srgbClr val="000000"/></a:dk1><a:lt1><a:srgbClr val="FFFFFF"/></a:lt1><a:dk2><a:srgbClr val="4E8DB9"/></a:dk2><a:lt2><a:srgbClr val="CEDBE7"/></a:lt2><a:accent1><a:srgbClr val="00AEF7"/></a:accent1><a:accent2><a:srgbClr val="F70000"/></a:accent2><a:accent3><a:srgbClr val="00A652"/></a:accent3><a:accent4><a:srgbClr val="FF8618"/></a:accent4><a:accent5><a:srgbClr val="CEDB29"/></a:accent5><a:accent6><a:srgbClr val="E30D84"/></a:accent6><a:hlink><a:srgbClr val="A65628"/></a:hlink><a:folHlink><a:srgbClr val="F781BF"/></a:folHlink></a:clrScheme>