<?xml version="1.0" encoding="UTF-8" standalone="yes"?>
<a:clrScheme xmlns:a="http://schemas.openxmlformats.org/drawingml/2006/main" name="Business Week 2"><a:dk1><a:srgbClr val="000000"/></a:dk1><a:lt1><a:srgbClr val="FFFFFF"/></a:lt1><a:dk2><a:srgbClr val="C8D7DB"/></a:dk2><a:lt2><a:srgbClr val="E0EAED"/></a:lt2><a:accent1><a:srgbClr val="003873"/></a:accent1><a:accent2><a:srgbClr val="F70000"/></a:accent2><a:accent3><a:srgbClr val="29A8DC"/></a:accent3><a:accent4><a:srgbClr val="E71F26"/></a:accent4><a:accent5><a:srgbClr val="4EB848"/></a:accent5><a:accent6><a:srgbClr val="FAE615"/></a:accent6><a:hlink><a:srgbClr val="A65628"/></a:hlink><a:folHlink><a:srgbClr val="F781BF"/></a:folHlink></a:clrScheme>