<?xml version="1.0" encoding="UTF-8" standalone="yes"?>
<a:clrScheme xmlns:a="http://schemas.openxmlformats.org/drawingml/2006/main" name="The Economist"><a:dk1><a:srgbClr val="000000"/></a:dk1><a:lt1><a:srgbClr val="FFFFFF"/></a:lt1><a:dk2><a:srgbClr val="4E8DB9"/></a:dk2><a:lt2><a:srgbClr val="CEDBE7"/></a:lt2><a:accent1><a:srgbClr val="00A4DC"/></a:accent1><a:accent2><a:srgbClr val="00516C"/></a:accent2><a:accent3><a:srgbClr val="F0593E"/></a:accent3><a:accent4><a:srgbClr val="5D91A7"/></a:accent4><a:accent5><a:srgbClr val="7A250F"/></a:accent5><a:accent6><a:srgbClr val="008982"/></a:accent6><a:hlink><a:srgbClr val="A65628"/></a:hlink><a:folHlink><a:srgbClr val="F781BF"/></a:folHlink></a:clrScheme>