<?xml version="1.0" encoding="UTF-8" standalone="yes"?>
<a:clrScheme xmlns:a="http://schemas.openxmlformats.org/drawingml/2006/main" name="The Wall Street Journal"><a:dk1><a:srgbClr val="000000"/></a:dk1><a:lt1><a:srgbClr val="FFFFFF"/></a:lt1><a:dk2><a:srgbClr val="D8DFF1"/></a:dk2><a:lt2><a:srgbClr val="ECF1F9"/></a:lt2><a:accent1><a:srgbClr val="0666B1"/></a:accent1><a:accent2><a:srgbClr val="ED1B3A"/></a:accent2><a:accent3><a:srgbClr val="00AD4F"/></a:accent3><a:accent4><a:srgbClr val="FEDC19"/></a:accent4><a:accent5><a:srgbClr val="4EB848"/></a:accent5><a:accent6><a:srgbClr val="ECF1F9"/></a:accent6><a:hlink><a:srgbClr val="A65628"/></a:hlink><a:folHlink><a:srgbClr val="F781BF"/></a:folHlink></a:clrScheme>