<?xml version="1.0" encoding="UTF-8" standalone="yes"?>
<a:clrScheme xmlns:a="http://schemas.openxmlformats.org/drawingml/2006/main" name="Tableau 10 Medium"><a:dk1><a:srgbClr val="000000"/></a:dk1><a:lt1><a:srgbClr val="FFFFFF"/></a:lt1><a:dk2><a:srgbClr val="4E8DB9"/></a:dk2><a:lt2><a:srgbClr val="E5E5E5"/></a:lt2><a:accent1><a:srgbClr val="FF9641"/></a:accent1><a:accent2><a:srgbClr val="FF5B4E"/></a:accent2><a:accent3><a:srgbClr val="38C25D"/></a:accent3><a:accent4><a:srgbClr val="609DCA"/></a:accent4><a:accent5><a:srgbClr val="B887C3"/></a:accent5><a:accent6><a:srgbClr val="FE90C2"/></a:accent6><a:hlink><a:srgbClr val="B67365"/></a:hlink><a:folHlink><a:srgbClr val="B3B3B3"/></a:folHlink></a:clrScheme>